{"stats":{"minecraft:custom":{"minecraft:time_since_rest":8777,"minecraft:sprint_one_cm":50221,"minecraft:damage_taken":855,"minecraft:walk_one_cm":55476,"minecraft:mob_kills":9,"minecraft:damage_dealt":1217,"minecraft:interact_with_crafting_table":2,"minecraft:fly_one_cm":82434,"minecraft:crouch_one_cm":693,"minecraft:play_time":38952,"minecraft:deaths":3,"minecraft:sneak_time":548,"minecraft:jump":458,"minecraft:leave_game":3,"minecraft:walk_on_water_one_cm":48,"minecraft:time_since_death":8747,"minecraft:total_world_time":38952,"minecraft:fall_one_cm":11305},"minecraft:picked_up":{"minecraft:stick":1,"minecraft:wooden_pickaxe":1,"minecraft:acacia_log":8,"minecraft:porkchop":12,"minecraft:dirt":13,"minecraft:stone_sword":1,"minecraft:acacia_planks":23,"minecraft:wheat_seeds":13,"minecraft:beef":1,"minecraft:gray_wool":2,"minecraft:poppy":4,"minecraft:light_gray_wool":2,"minecraft:sugar_cane":9,"minecraft:mutton":5,"minecraft:white_wool":2,"minecraft:cobblestone":34},"minecraft:killed_by":{"minecraft:skeleton":1,"minecraft:zombie":2},"minecraft:crafted":{"minecraft:crafting_table":1,"minecraft:stick":4,"minecraft:wooden_pickaxe":1,"minecraft:stone_sword":1,"minecraft:acacia_planks":32},"minecraft:used":{"minecraft:stone_sword":66,"minecraft:wooden_pickaxe":29,"minecraft:dirt":6,"minecraft:mutton":1,"minecraft:crafting_table":1,"minecraft:acacia_planks":23},"minecraft:mined":{"minecraft:acacia_leaves":1,"minecraft:dandelion":1,"minecraft:grass":97,"minecraft:acacia_log":8,"minecraft:grass_block":4,"minecraft:poppy":2,"minecraft:dirt":3,"minecraft:tall_grass":8,"minecraft:stone":19,"minecraft:sugar_cane":5},"minecraft:killed":{"minecraft:sheep":3,"minecraft:pig":5,"minecraft:cow":1}},"DataVersion":3465}