{"stats":{"minecraft:custom":{"minecraft:jump":100,"minecraft:time_since_rest":479,"minecraft:damage_taken":495,"minecraft:damage_dealt":177,"minecraft:crouch_one_cm":68,"minecraft:leave_game":2,"minecraft:sprint_one_cm":13867,"minecraft:play_time":13117,"minecraft:walk_one_cm":10784,"minecraft:time_since_death":0,"minecraft:deaths":2,"minecraft:sneak_time":26,"minecraft:total_world_time":13117,"minecraft:fall_one_cm":3013,"minecraft:fly_one_cm":19982},"minecraft:picked_up":{"minecraft:wheat_seeds":2},"minecraft:killed_by":{"minecraft:zombie":2},"minecraft:mined":{"minecraft:grass":13}},"DataVersion":3465}