{"stats":{"minecraft:custom":{"minecraft:jump":154,"minecraft:time_since_rest":6479,"minecraft:damage_taken":595,"minecraft:damage_dealt":214,"minecraft:crouch_one_cm":693,"minecraft:leave_game":2,"minecraft:sprint_one_cm":19935,"minecraft:play_time":19117,"minecraft:walk_one_cm":17349,"minecraft:time_since_death":5866,"minecraft:deaths":2,"minecraft:sneak_time":548,"minecraft:total_world_time":19117,"minecraft:fall_one_cm":3698,"minecraft:fly_one_cm":31501},"minecraft:picked_up":{"minecraft:wheat_seeds":5,"minecraft:acacia_log":8},"minecraft:crafted":{"minecraft:acacia_planks":32},"minecraft:killed_by":{"minecraft:zombie":2},"minecraft:mined":{"minecraft:tall_grass":6,"minecraft:grass":50,"minecraft:acacia_leaves":1,"minecraft:acacia_log":8}},"DataVersion":3465}