{"stats":{"minecraft:custom":{"minecraft:time_since_rest":942,"minecraft:sprint_one_cm":38481,"minecraft:damage_taken":775,"minecraft:walk_one_cm":38836,"minecraft:mob_kills":5,"minecraft:damage_dealt":742,"minecraft:interact_with_crafting_table":2,"minecraft:fly_one_cm":61668,"minecraft:crouch_one_cm":693,"minecraft:play_time":31117,"minecraft:deaths":3,"minecraft:sneak_time":548,"minecraft:jump":330,"minecraft:leave_game":2,"minecraft:time_since_death":912,"minecraft:total_world_time":31117,"minecraft:fall_one_cm":8627},"minecraft:picked_up":{"minecraft:stick":1,"minecraft:wooden_pickaxe":1,"minecraft:acacia_log":8,"minecraft:porkchop":8,"minecraft:dirt":12,"minecraft:stone_sword":1,"minecraft:acacia_planks":23,"minecraft:wheat_seeds":12,"minecraft:gray_wool":2,"minecraft:poppy":4,"minecraft:light_gray_wool":2,"minecraft:mutton":5,"minecraft:white_wool":2,"minecraft:cobblestone":34},"minecraft:killed_by":{"minecraft:skeleton":1,"minecraft:zombie":2},"minecraft:crafted":{"minecraft:crafting_table":1,"minecraft:stick":4,"minecraft:wooden_pickaxe":1,"minecraft:stone_sword":1,"minecraft:acacia_planks":32},"minecraft:used":{"minecraft:stone_sword":33,"minecraft:wooden_pickaxe":29,"minecraft:dirt":6,"minecraft:mutton":1,"minecraft:crafting_table":1},"minecraft:mined":{"minecraft:acacia_leaves":1,"minecraft:dandelion":1,"minecraft:grass":67,"minecraft:acacia_log":8,"minecraft:grass_block":3,"minecraft:poppy":2,"minecraft:dirt":3,"minecraft:tall_grass":8,"minecraft:stone":19},"minecraft:killed":{"minecraft:sheep":3,"minecraft:pig":2}},"DataVersion":3465}