{"stats":{"minecraft:picked_up":{"minecraft:dark_oak_log":1},"minecraft:used":{"minecraft:potato":7,"minecraft:dark_oak_log":1,"minecraft:goat_horn":2},"minecraft:mined":{"minecraft:grass":2,"minecraft:dark_oak_log":1},"minecraft:custom":{"minecraft:jump":98,"minecraft:open_chest":3,"minecraft:time_since_rest":4909,"minecraft:leave_game":1,"minecraft:damage_taken":105,"minecraft:sprint_one_cm":14729,"minecraft:play_time":4909,"minecraft:time_since_death":4909,"minecraft:walk_one_cm":9497,"minecraft:total_world_time":4909,"minecraft:fall_one_cm":1999,"minecraft:fly_one_cm":30391},"minecraft:crafted":{"minecraft:dark_oak_planks":20}},"DataVersion":3465}