{"stats":{"minecraft:custom":{"minecraft:time_since_rest":5245,"minecraft:open_chest":3,"minecraft:sprint_one_cm":37731,"minecraft:play_time":12201,"minecraft:deaths":1,"minecraft:damage_taken":490,"minecraft:walk_one_cm":19271,"minecraft:mob_kills":1,"minecraft:jump":261,"minecraft:damage_dealt":151,"minecraft:leave_game":2,"minecraft:time_since_death":5207,"minecraft:total_world_time":12201,"minecraft:fall_one_cm":3940,"minecraft:fly_one_cm":78194},"minecraft:killed_by":{"minecraft:skeleton":1},"minecraft:mined":{"minecraft:grass":29,"minecraft:grass_block":3,"minecraft:dead_bush":3,"minecraft:dirt":11,"minecraft:dark_oak_log":1},"minecraft:crafted":{"minecraft:dark_oak_planks":20},"minecraft:picked_up":{"minecraft:stick":3,"minecraft:wheat_seeds":3,"minecraft:dark_oak_log":1,"minecraft:dirt":14},"minecraft:used":{"minecraft:dirt":6,"minecraft:dark_oak_log":1,"minecraft:goat_horn":2,"minecraft:potato":7}},"DataVersion":3465}